class,count,percentage
0,12452643,46.25481282254491
1,6274564,23.306601125807486
2,4361354,16.200063948099817
3,948032,3.521424544956673
4,2885239,10.71709755859111
