class,count,percentage
0,12580831,46.73096169681172
1,6194934,23.01081887740775
2,4401123,16.34778420725603
3,873280,3.243761420099494
4,2871664,10.66667379842501
